

INSERT INTO `Ref_work_positions` (`position_name`,`singkatan`, `created_at`, `updated_at`) VALUES
  ('Direktorat', 'DIREKTORAT', '2025-11-13 10:59:33', '2025-11-13 10:59:33'),
  ('Bagian', 'BAGIAN', '2025-11-13 10:59:33', '2025-11-13 10:59:33'),
  ('Fakultas', 'FAKULTAS', '2025-11-13 10:59:33', '2025-11-13 10:59:33'),
  ('Center Of Excellence', 'COE', '2025-11-13 10:59:33', '2025-11-13 10:59:33'),
  ('Kelompok Keahlian', 'KK', '2025-11-13 10:59:33', '2025-11-13 10:59:33'),
  ('Program Studi', 'PRODI', '2025-11-13 10:59:33', '2025-11-13 10:59:33');


INSERT INTO `work_positions` (`id`, `type_work_position`, `position_name`, `kode`,`type_pekerja`, `created_at`, `updated_at`) VALUES
  ('1a2b3c4d-5e6f-7g8h-9i0j-k1l2m3n4o5p6', 'Direktorat', 'Direktorat', 'DIREKTORAT',"Both", '2025-11-13 10:59:33', '2025-11-13 10:59:33'),
  ('044c852f-6f14-4876-9394-77b791768aea', 'Bagian','Pusat Teknologi Informasi', 'PTI',"Both", '2025-11-13 10:59:33', '2025-11-13 10:59:33'),
  ('0455c397-1669-4a63-b01d-0405fded2311', 'Bagian', 'Sumber Daya Manusia', 'SDM',"Tpa", '2025-11-13 10:59:33', '2025-11-13 10:59:33'),
  ('1e540f32-36be-4bdd-86e6-23e962f45bd1', 'Bagian', 'Akademik', 'AKADEMIK',"Tpa", '2025-11-13 10:59:33', '2025-11-13 10:59:33'),
  ('336fad8b-9197-4aa4-bc71-9f7679710dcf', 'Bagian', 'Bandung Techno Park', 'BTP',"Tpa", '2025-11-13 10:59:33', '2025-11-13 10:59:33'),
  ('3bf7b46c-1f16-4ec7-a528-fa322f1f40f2', 'Bagian', 'Pengembangan Karir, Alumni, & Endowment', 'ALM',"Tpa", '2025-11-13 10:59:33', '2025-11-13 10:59:33'),
  ('670b37a5-ec14-4cbd-bf6a-73076e3463ec', 'Bagian', 'Sekretariat & Perencanaan Strategis', 'SEKPER',"Tpa", '2025-11-13 10:59:33', '2025-11-13 10:59:33'),
  ('75ef1b1c-96e3-45d3-801c-f23656279a1f', 'Bagian', 'Penelitian dan Pengabdian Masyarakat', 'LPPM',"Tpa", '2025-11-13 10:59:33', '2025-11-13 10:59:33'),
  ('8c79a01d-9c35-4858-ab55-d893d716c1bd', 'Bagian', 'Kemahasiswaan', 'KEMA',"Tpa", '2025-11-13 10:59:33', '2025-11-13 10:59:33'),
  ('c394c237-cae5-4052-85da-e3a3c27f0397', 'Bagian', 'Logistik dan Aset', 'LOG', "Tpa",'2025-11-13 10:59:33', '2025-11-13 10:59:33'),
  ('d5d2e868-7765-49de-a647-dd27069094cf', 'Bagian', 'Kerja Sama Strategis & Kantor Urusan Internasional', 'KERJA',"Tpa", '2025-11-13 10:59:33', '2025-11-13 10:59:33'),
  ('da304ae5-193d-4239-8d55-fe1bf2f31e0b', 'Bagian', 'Pemasaran & Admisi', 'PADMI',"Tpa", '2025-11-13 10:59:33', '2025-11-13 10:59:33'),
  ('fb96d10d-9048-430a-9f01-955aa2db4d79', 'Bagian', 'Keuangan', 'KEU',"Tpa", '2025-11-13 10:59:33', '2025-11-13 10:59:33'),
  ('feda489d-ec5f-41ad-a8bd-aa7c33170c52', 'Bagian', 'Pasca Sarjana dan Advance Learning', 'PASCA',"Tpa", '2025-11-13 10:59:33', '2025-11-13 10:59:33'),
  ('2eb0b147-3553-4ac5-83c5-6750b004c8b9','Fakultas', 'Fakultas Rekayasa Industri', 'FRI',"Dosen",'2025-11-13 10:59:33', '2025-11-13 10:59:33'),
  ('426d4553-31a7-4b3f-8965-4e39b1750eb0','Fakultas', 'Fakultas Informatika', 'FIF',"Dosen",'2025-11-13 10:59:33', '2025-11-13 10:59:33'),
  ('5852287b-2284-43cf-9fef-bc2742e68d93','Fakultas', 'Fakultas Ekonomi dan Bisnis', 'FEB',"Dosen",'2025-11-13 10:59:33', '2025-11-13 10:59:33'),
  ('8b8ead85-5ff9-4308-b70d-607f9570a492','Fakultas', 'Fakultas Teknik Elektro', 'FTE',"Dosen",'2025-11-13 10:59:33', '2025-11-13 10:59:33'),
  ('20b2cde9-3349-42ac-a31e-2d4f6562cb7d','Program Studi','Sistem Informasi', 'SI',"Dosen",'2025-11-13 10:59:33', '2025-11-13 10:59:33'),
  ('25b07f94-8ec4-4440-ab26-92b14b13744d','Program Studi', 'Informatika', 'IF',"Dosen",'2025-11-13 10:59:33', '2025-11-13 10:59:33'),
  ('26833a65-af75-4350-9f89-d6f6c2e07af1', 'Program Studi', 'Teknik Komputer', 'TK',"Dosen",'2025-11-13 10:59:33', '2025-11-13 10:59:33'),
  ('2f0bc8ce-c299-4a43-a686-3592d3b54bcf', 'Program Studi', 'Teknik Elektro', 'TE',"Dosen",'2025-11-13 10:59:33', '2025-11-13 10:59:33'),
  ('2f9e5787-869e-4c01-bff0-8f909b2b70ce', 'Program Studi', 'Sains Data', 'DS',"Dosen",'2025-11-13 10:59:33', '2025-11-13 10:59:33'),
  ('33a03b97-ae0f-4f81-a4b5-deed8819b805', 'Program Studi', 'Teknik Logistik', 'TL',"Dosen",'2025-11-13 10:59:33', '2025-11-13 10:59:33'),
  ('6ec604db-fa79-45b4-96f5-b28de661a5d3', 'Program Studi', 'Teknik Telekomunikasi', 'TT',"Dosen",'2025-11-13 10:59:33', '2025-11-13 10:59:33'),
  ('702bb28a-8b87-4203-b10d-08ee9722ed0d', 'Program Studi', 'Bisnis Digital', 'DB',"Dosen",'2025-11-13 10:59:33', '2025-11-13 10:59:33'),
  ('933f7266-500e-4fa3-bd66-ca87d6041443', 'Program Studi', 'Teknologi Informasi', 'IT',"Dosen",'2025-11-13 10:59:33', '2025-11-13 10:59:33'),
  ('a2d9a0da-fb8d-4eb8-9b62-c8cd738d527e', 'Program Studi', 'Rekayasa Perangkat Lunak', 'RPL',"Dosen",'2025-11-13 10:59:33', '2025-11-13 10:59:33'),
  ('a7403562-943a-467e-8723-3984e540588b', 'Program Studi', 'Teknik Industri', 'TI',"Dosen",'2025-11-13 10:59:33', '2025-11-13 10:59:33');

INSERT INTO `levels` (`id`, `nama_level`,`urut`, `singkatan_level`, `atasan_level`, `created_at`, `updated_at`, `icon`) VALUES
  ('f091dbb2-7532-4c5e-b94f-9e4bc045dc7a', 'Direktur', '1','DIR', NULL, '2025-11-13 10:59:33', '2025-11-13 10:59:33', 'fa-solid fa-crown'),
  ('0de96d16-c872-4195-9f45-e837d659b571', 'Wakil Direktur','2', 'WADIR', 'f091dbb2-7532-4c5e-b94f-9e4bc045dc7a', '2025-11-13 10:59:33', '2025-11-13 10:59:33', 'fa-solid fa-user-tie'),
  -- ('316e0668-9bb5-4f27-867d-5a209cbcd228', 'Kepala Bagian', 'KABAG', '0de96d16-c872-4195-9f45-e837d659b571', '2025-11-13 10:59:33', '2025-11-13 10:59:33', 'fa-solid fa-briefcase'),
  ('be5adb40-ae9f-4fa4-aeeb-d6b37394b1e7', 'Dekan','3', 'DEKAN', '0de96d16-c872-4195-9f45-e837d659b571', '2025-11-13 10:59:33', '2025-11-13 10:59:33', 'fa-solid fa-building-columns'),
  ('037b9e77-a77b-4bee-820d-e52b62c74c92', 'Kepala Urusan','3', 'KAUR', '0de96d16-c872-4195-9f45-e837d659b571', '2025-11-13 10:59:33', '2025-11-13 10:59:33', 'fa-solid fa-clipboard-check'),
  ('e33399cf-0049-45bb-b9e7-db5cd8661b18', 'Kepala Program Studi','4', 'KAPRODI', 'be5adb40-ae9f-4fa4-aeeb-d6b37394b1e7', '2025-11-13 10:59:33', '2025-11-13 10:59:33', 'fa-solid fa-book-open'),
  ('05e59440-c012-4b20-83e7-eb841bb44525', 'Anggota Bagian','5', 'ANGGOTA', '037b9e77-a77b-4bee-820d-e52b62c74c92', '2025-11-13 10:59:33', '2025-11-13 10:59:33', 'fa-solid fa-user'),
  ('813b1182-c975-406a-a60a-e75b7ace942d', 'Anggota Program Studi','5', 'ANGGOTA', 'e33399cf-0049-45bb-b9e7-db5cd8661b18', '2025-11-13 10:59:33', '2025-11-13 10:59:33', 'fa-solid fa-graduation-cap');


-- INSERT INTO `faculties` (`id`,`nama_fakultas`,`kode`) VALUES
--   ('2eb0b147-3553-4ac5-83c5-6750b004c8b9', 'Fakultas Rekayasa Industri', 'FRI'),
--   ('426d4553-31a7-4b3f-8965-4e39b1750eb0', 'Fakultas Informatika', 'FIF'),
--   ('5852287b-2284-43cf-9fef-bc2742e68d93', 'Fakultas Ekonomi dan Bisnis', 'FEB'),
--   ('8b8ead85-5ff9-4308-b70d-607f9570a492', 'Fakultas Teknik Elektro', 'FTE');

INSERT INTO `prodis` (`id`,`prodi_id`, `fakultas_id`) VALUES
  ('20b2cde9-3349-42ac-a31e-2d4f6562cb7e','20b2cde9-3349-42ac-a31e-2d4f6562cb7d', '2eb0b147-3553-4ac5-83c5-6750b004c8b9'),
  ('20b2cde9-3349-42ac-a31e-2d4f6562cb7f','25b07f94-8ec4-4440-ab26-92b14b13744d', '426d4553-31a7-4b3f-8965-4e39b1750eb0'),
  ('20b2cde9-3349-42ac-a31e-2d4f6562cb7j','26833a65-af75-4350-9f89-d6f6c2e07af1', '8b8ead85-5ff9-4308-b70d-607f9570a492'),
  ('20b2cde9-3349-42ac-a31e-2d4f6562cb7k','2f0bc8ce-c299-4a43-a686-3592d3b54bcf', '8b8ead85-5ff9-4308-b70d-607f9570a492'),
  ('20b2cde9-3349-42ac-a31e-2d4f6562cb7l','2f9e5787-869e-4c01-bff0-8f909b2b70ce', '426d4553-31a7-4b3f-8965-4e39b1750eb0'),
  ('20b2cde9-3349-42ac-a31e-2d4f6562cb7m','33a03b97-ae0f-4f81-a4b5-deed8819b805', '2eb0b147-3553-4ac5-83c5-6750b004c8b9'),
  ('20b2cde9-3349-42ac-a31e-2d4f6562cb7n','6ec604db-fa79-45b4-96f5-b28de661a5d3', '8b8ead85-5ff9-4308-b70d-607f9570a492'),
  ('20b2cde9-3349-42ac-a31e-2d4f6562cb7o','702bb28a-8b87-4203-b10d-08ee9722ed0d', '5852287b-2284-43cf-9fef-bc2742e68d93'),
  ('20b2cde9-3349-42ac-a31e-2d4f6562cb7p','933f7266-500e-4fa3-bd66-ca87d6041443', '426d4553-31a7-4b3f-8965-4e39b1750eb0'),
  ('20b2cde9-3349-42ac-a31e-2d4f6562cb7q','a2d9a0da-fb8d-4eb8-9b62-c8cd738d527e', '426d4553-31a7-4b3f-8965-4e39b1750eb0'),
  ('20b2cde9-3349-42ac-a31e-2d4f6562cb7r','a7403562-943a-467e-8723-3984e540588b', '2eb0b147-3553-4ac5-83c5-6750b004c8b9');

INSERT INTO `ref_bagians` (`id`, `nama_bagian`, `kode`, `created_at`, `updated_at`) VALUES
  ('044c852f-6f14-4876-9394-77b791768aea', 'Pusat Teknologi Informasi', 'PTI', '2025-11-13 10:59:33', '2025-11-13 10:59:33'),
  ('0455c397-1669-4a63-b01d-0405fded2311', 'Sumber Daya Manusia', 'SDM', '2025-11-13 10:59:33', '2025-11-13 10:59:33'),
  ('1e540f32-36be-4bdd-86e6-23e962f45bd1', 'Akademik', 'AKADEMIK', '2025-11-13 10:59:33', '2025-11-13 10:59:33'),
  ('336fad8b-9197-4aa4-bc71-9f7679710dcf', 'Bandung Techno Park', 'BTP', '2025-11-13 10:59:33', '2025-11-13 10:59:33'),
  ('3bf7b46c-1f16-4ec7-a528-fa322f1f40f2', 'Pengembangan Karir, Alumni, & Endowment', 'ALM', '2025-11-13 10:59:33', '2025-11-13 10:59:33'),
  ('670b37a5-ec14-4cbd-bf6a-73076e3463ec', 'Sekretariat & Perencanaan Strategis', 'SEKPER', '2025-11-13 10:59:33', '2025-11-13 10:59:33'),
  ('75ef1b1c-96e3-45d3-801c-f23656279a1f', 'Penelitian dan Pengabdian Masyarakat', 'LPPM', '2025-11-13 10:59:33', '2025-11-13 10:59:33'),
  ('8c79a01d-9c35-4858-ab55-d893d716c1bd', 'Kemahasiswaan', 'KEMA', '2025-11-13 10:59:33', '2025-11-13 10:59:33'),
  ('c394c237-cae5-4052-85da-e3a3c27f0397', 'Logistik dan Aset', 'LOG', '2025-11-13 10:59:33', '2025-11-13 10:59:33'),
  ('d5d2e868-7765-49de-a647-dd27069094cf', 'Kerja Sama Strategis & Kantor Urusan Internasional', 'KERJA', '2025-11-13 10:59:33', '2025-11-13 10:59:33'),
  ('da304ae5-193d-4239-8d55-fe1bf2f31e0b', 'Pemasaran & Admisi', 'PADMI', '2025-11-13 10:59:33', '2025-11-13 10:59:33'),
  ('fb96d10d-9048-430a-9f01-955aa2db4d79', 'Keuangan', 'KEU', '2025-11-13 10:59:33', '2025-11-13 10:59:33'),
  ('feda489d-ec5f-41ad-a8bd-aa7c33170c52', 'Pasca Sarjana dan Advance Learning', 'PASCA', '2025-11-13 10:59:33', '2025-11-13 10:59:33');

INSERT INTO `formations` (`id`, `nama_formasi`, `level_id`, `atasan_formasi_id`, `work_position_id`, `kuota`, `created_at`, `updated_at`) VALUES
  ('a1f3c4f4-01e3-4e59-ae0a-91ac0f301101', 'Direktur', 'f091dbb2-7532-4c5e-b94f-9e4bc045dc7a', NULL, '1a2b3c4d-5e6f-7g8h-9i0j-k1l2m3n4o5p6', 1, '2025-11-13 10:59:33', '2025-11-13 10:59:33'),
  ('d4b8f5e9-22ef-44af-9a21-8123df453104', 'Wakil Direktur I', '0de96d16-c872-4195-9f45-e837d659b571', 'a1f3c4f4-01e3-4e59-ae0a-91ac0f301101', '1a2b3c4d-5e6f-7g8h-9i0j-k1l2m3n4o5p6', 1, '2025-11-13 10:59:33', '2025-11-13 10:59:33'),
  ('b2d6c2a1-93cb-4c3e-bb12-8e5af7542102', 'Wakil Direktur II', '0de96d16-c872-4195-9f45-e837d659b571', 'a1f3c4f4-01e3-4e59-ae0a-91ac0f301101','1a2b3c4d-5e6f-7g8h-9i0j-k1l2m3n4o5p6', 1, '2025-11-13 10:59:33', '2025-11-13 10:59:33'),
  ('c3af0c7b-45de-4f73-bc9a-0d9fcd9b3103', 'Wakil Direktur III', '0de96d16-c872-4195-9f45-e837d659b571', 'a1f3c4f4-01e3-4e59-ae0a-91ac0f301101', '1a2b3c4d-5e6f-7g8h-9i0j-k1l2m3n4o5p6', 1, '2025-11-13 10:59:33', '2025-11-13 10:59:33'),
  ('ad38c9f9-19d6-4bb8-9f21-332fdfe66113', 'Dekan Fakultas Bisnis', 'be5adb40-ae9f-4fa4-aeeb-d6b37394b1e7', 'd4b8f5e9-22ef-44af-9a21-8123df453104', '5852287b-2284-43cf-9fef-bc2742e68d93', 1, '2025-11-13 10:59:33', '2025-11-13 10:59:33'),
  ('eb16a7d5-77c1-49f5-9543-118cbced4111', 'Dekan Fakultas Rekayasa industri ', 'be5adb40-ae9f-4fa4-aeeb-d6b37394b1e7', 'd4b8f5e9-22ef-44af-9a21-8123df453104',  '2eb0b147-3553-4ac5-83c5-6750b004c8b9', 1, '2025-11-13 10:59:33', '2025-11-13 10:59:33'),
  ('fc27b8e3-88f4-4d70-baf3-227aeedf5112', 'Dekan Fakultas Informatika', 'be5adb40-ae9f-4fa4-aeeb-d6b37394b1e7', 'd4b8f5e9-22ef-44af-9a21-8123df453104',  '426d4553-31a7-4b3f-8965-4e39b1750eb0', 1, '2025-11-13 10:59:33', '2025-11-13 10:59:33'),
  -- ('e5c7a8d3-66d1-4cd8-8b1f-927fa9e76105', 'Kepala Bagian Keuangan', '316e0668-9bb5-4f27-867d-5a209cbcd228', 'b2d6c2a1-93cb-4c3e-bb12-8e5af7542102', 'fb96d10d-9048-430a-9f01-955aa2db4d79',  1, '2025-11-13 10:59:33', '2025-11-13 10:59:33'),
  -- ('b8f3d4a9-52c1-4e7a-ab20-11afe7fa1108', 'Kepala Bagian SDM', '316e0668-9bb5-4f27-867d-5a209cbcd228', 'b2d6c2a1-93cb-4c3e-bb12-8e5af7542102', '0455c397-1669-4a63-b01d-0405fded2311', 1, '2025-11-13 10:59:33', '2025-11-13 10:59:33'),
  ('c9a4e5b8-10ac-43f9-bbb3-aa23e5cd2109', 'Kepala Urusan SDM', '037b9e77-a77b-4bee-820d-e52b62c74c92', 'b2d6c2a1-93cb-4c3e-bb12-8e5af7542102', '0455c397-1669-4a63-b01d-0405fded2311', 1, '2025-11-13 10:59:33', '2025-11-13 10:59:33'),
  ('f6d4b9a7-88f3-4c9b-ae55-b75ebfa98106', 'Kepala Urusan Keuangan', '037b9e77-a77b-4bee-820d-e52b62c74c92', 'b2d6c2a1-93cb-4c3e-bb12-8e5af7542102', 'fb96d10d-9048-430a-9f01-955aa2db4d79',  1, '2025-11-13 10:59:33', '2025-11-13 10:59:33'),
  ('be49daf8-20f8-49fc-84a2-449cfffa7114', 'Kaprodi Rekayasa Perangkat Lunak', 'e33399cf-0049-45bb-b9e7-db5cd8661b18', 'fc27b8e3-88f4-4d70-baf3-227aeedf5112',  'a2d9a0da-fb8d-4eb8-9b62-c8cd738d527e', 1, '2025-11-13 10:59:33', '2025-11-13 10:59:33'),
  ('d06bfcf5-42fa-4ccf-9b77-66cbdffc9116', 'Kaprodi Sistem Informasi', 'e33399cf-0049-45bb-b9e7-db5cd8661b18', 'fc27b8e3-88f4-4d70-baf3-227aeedf5112',  '20b2cde9-3349-42ac-a31e-2d4f6562cb7d', 1, '2025-11-13 10:59:33', '2025-11-13 10:59:33'),
  ('cf5aebc7-31e9-4dad-a155-55abcffb8115', 'Anggota Prodi RPL', '813b1182-c975-406a-a60a-e75b7ace942d', 'be49daf8-20f8-49fc-84a2-449cfffa7114',  'a2d9a0da-fb8d-4eb8-9b62-c8cd738d527e', 8, '2025-11-13 10:59:33', '2025-11-13 10:59:33'),
  ('da05f6c7-55fd-4cd8-87b2-ff89bcda3110', 'Anggota SDM', '05e59440-c012-4b20-83e7-eb841bb44525', 'c9a4e5b8-10ac-43f9-bbb3-aa23e5cd2109', '0455c397-1669-4a63-b01d-0405fded2311', 6, '2025-11-13 10:59:33', '2025-11-13 10:59:33'),
  ('a7e2c3f1-91d4-442e-a915-c78df9b89107', 'Anggota Keuangan', '05e59440-c012-4b20-83e7-eb841bb44525', 'f6d4b9a7-88f3-4c9b-ae55-b75ebfa98106', 'fb96d10d-9048-430a-9f01-955aa2db4d79', 6, '2025-11-13 10:59:33', '2025-11-13 10:59:33'),
  ('e17d0da3-53ab-4fd9-bf88-77dcaffda117', 'Anggota Prodi SI', '813b1182-c975-406a-a60a-e75b7ace942d', 'd06bfcf5-42fa-4ccf-9b77-66cbdffc9116', '20b2cde9-3349-42ac-a31e-2d4f6562cb7d', 8, '2025-11-13 10:59:33', '2025-11-13 10:59:33');




INSERT INTO `ref_jabatan_fungsional_akademiks` (`id`, `nama_jabatan`, `kum`, `created_at`, `updated_at`,`kode`) VALUES
  ('8a7c0b44-2c2e-4a16-a4df-111111111111', 'Non JAD', 0, NOW(), NOW(),'NJAD'),
  ('b467678d-8e9f-4453-bb76-f0cba91468dc', 'Asisten Ahli', 150, NOW(), NOW(),'AA'),
  ('f6890047-b0ea-4b45-a9f9-b0584c65bdd6', 'Lektor', 200, NOW(), NOW(),'L'),
  ('21ac00aa-1f19-4347-84c1-9e70413209ab', 'Lektor Kepala', 450, NOW(), NOW(),'LK'),
  ('d6418a5e-b76f-4d67-9990-056e1acabe66', 'Guru Besar', 850, NOW(), NOW(),'GB');



INSERT INTO `ref_jabatan_fungsional_keahlians` (`id`, `nama_jfk`, `created_at`, `updated_at`) VALUES
  -- ('0df1f97d-c061-4a55-8d07-f5348146c136', 'Ahli Muda', '2025-11-13 10:59:33', '2025-11-13 10:59:33'),
  ('10e984ad-871c-41bb-93c3-72f3d333efb2', 'Ahli Muda', '2025-11-13 10:59:33', '2025-11-13 10:59:33'),
  ('1db6ce16-4491-434d-b2a2-a944d42e6a8c', 'Ahli Pertama', '2025-11-13 10:59:33', '2025-11-13 10:59:33'),
  ('2260ac04-a9f4-4aed-89fd-ca5765aec279', 'Ahli Utama', '2025-11-13 10:59:33', '2025-11-13 10:59:33'),
  ('85e3bbbf-8d6d-476d-8462-c9e0493ecdb3', 'Ahli Madya', '2025-11-13 10:59:33', '2025-11-13 10:59:33');
  -- ('8b824cbc-edbc-47b9-8d46-4e53bbc172fa', 'Ahli Pertama', '2025-11-13 10:59:33', '2025-11-13 10:59:33'),
  -- ('9bbeb74c-d5de-4ad8-ab78-995e03ae9904', 'Ahli Madya', '2025-11-13 10:59:33', '2025-11-13 10:59:33'),
  -- ('b2fcc50e-8157-437e-a896-a0b87d26070b', 'Ahli Utama', '2025-11-13 10:59:33', '2025-11-13 10:59:33');

-- --------------------------------------------------------
INSERT INTO `ref_jenjang_pendidikans` (`id`, `jenjang_pendidikan`, `tingkat`, `created_at`, `updated_at`, `urutan`, `kode_gelar`) VALUES
  ('32c575b5-af32-4ae7-b516-79c07557dc65', 'S3', 'Doktoral', '2025-11-13 10:59:33', '2025-11-13 10:59:33',1,'Dr'),
  ('1e188057-e031-438d-b24c-b081e09eba9a', 'S2', 'Magister', '2025-11-13 10:59:33', '2025-11-13 10:59:33',2,'M'),
  ('15f76180-52ad-4b4f-91cc-7dd55c01c333', 'D3', 'Diploma III', '2025-11-13 10:59:33', '2025-11-13 10:59:33',4,'A.Md'),
  ('106c9de7-941d-4bcb-9904-f7ed99593571', 'D4', 'Diploma IV / Sarjana Terapan', '2025-11-13 10:59:33', '2025-11-13 10:59:33',3,'S.Tr'),
  ('abd63eb0-93af-4d02-b980-2278a033edc8', 'S1', 'Sarjana', '2025-11-13 10:59:33', '2025-11-13 10:59:33',3,'S');

INSERT INTO `ref_pangkat_golongans` (`id`, `pangkat`, `golongan`, `created_at`, `updated_at`) VALUES
  ('136286e7-7ccb-4f66-88f2-e5b9e9c06eb7', 'Pembina Utama Muda', 'IV/c', '2025-11-13 10:59:33', '2025-11-13 10:59:33'),
  ('1f2abab9-fd34-4c0d-a44e-b4cffda6ea9d', 'Penata Muda Tk. I', 'III/b', '2025-11-13 10:59:33', '2025-11-13 10:59:33'),
  ('c4ec8f85-414d-42cb-a366-4191262b6632', 'Pembina Tk. I', 'IV/b', '2025-11-13 10:59:33', '2025-11-13 10:59:33'),
  ('dc191fb3-ce49-4732-9903-3197759effba', 'Penata', 'III/c', '2025-11-13 10:59:33', '2025-11-13 10:59:33'),
  ('eedb1ea1-c5f4-4dae-bbf5-ed73caac3179', 'Penata Tk. I', 'IV/c', '2025-11-13 10:59:33', '2025-11-13 10:59:33');


INSERT INTO `ref_status_pegawais` (`id`, `status_pegawai`, `created_at`, `updated_at`) VALUES
  ('13961bbc-ec55-43e4-9939-799a54b7ca6c', 'TENAGA LEPAS HARIAN', '2025-11-13 10:59:33', '2025-11-13 10:59:33'),
  ('29ade07d-1c94-4553-9850-0c625666a66d', 'PEGAWAI TETAP', '2025-11-13 10:59:33', '2025-11-13 10:59:33'),
  ('3a252fa1-022f-45b8-91e9-f548551078e6', 'PEGAWAI PROFESSIONAL', '2025-11-13 10:59:33', '2025-11-13 10:59:33'),
  ('8d16eae4-c970-448c-b831-7899d80faadf', 'OURSOURCING', '2025-11-13 10:59:33', '2025-11-13 10:59:33'),
  ('bdea3756-96bc-4de0-bd11-bab1254f7117', 'CALON PEGAWAI TETAP', '2025-11-13 10:59:33', '2025-11-13 10:59:33'),
  ('d42e7043-9ed1-4824-82aa-0f10a7d0ec82', 'TENAGA PERBANTUAN', '2025-11-13 10:59:33', '2025-11-13 10:59:33');
